ID,Pred
2019_1101_1113,0.1743
2019_1101_1120,0.0380
2019_1101_1124,0.1438
2019_1101_1125,0.1494
2019_1101_1133,0.5283
2019_1101_1138,0.0415
2019_1101_1153,0.0546
2019_1101_1159,0.3512
2019_1101_1181,0.0051
2019_1101_1192,0.6347
2019_1101_1196,0.1102
2019_1101_1199,0.0500
2019_1101_1205,0.5726
2019_1101_1209,0.3402
2019_1101_1211,0.0047
2019_1101_1222,0.0311
2019_1101_1233,0.5887
2019_1101_1234,0.1714
2019_1101_1235,0.0557
2019_1101_1242,0.0425
2019_1101_1243,0.1084
2019_1101_1246,0.0278
2019_1101_1251,0.3042
2019_1101_1257,0.0492
2019_1101_1261,0.0615
2019_1101_1266,0.0666
2019_1101_1268,0.0812
2019_1101_1276,0.0284
2019_1101_1277,0.0205
2019_1101_1278,0.2107
2019_1101_1279,0.1601
2019_1101_1280,0.0553
2019_1101_1285,0.2787
2019_1101_1293,0.1338
2019_1101_1295,0.4989
2019_1101_1297,0.3053
2019_1101_1300,0.8040
2019_1101_1305,0.0503
2019_1101_1308,0.1467
2019_1101_1314,0.0101
2019_1101_1318,0.1826
2019_1101_1326,0.1436
2019_1101_1328,0.1490
2019_1101_1330,0.3324
2019_1101_1332,0.0850
2019_1101_1341,0.6947
2019_1101_1345,0.0477
2019_1101_1371,0.1721
2019_1101_1385,0.2259
2019_1101_1387,0.2747
2019_1101_1388,0.0465
2019_1101_1393,0.0869
2019_1101_1396,0.2064
2019_1101_1397,0.0378
2019_1101_1403,0.0378
2019_1101_1414,0.2983
2019_1101_1416,0.0866
2019_1101_1429,0.0569
2019_1101_1433,0.0643
2019_1101_1436,0.1886
2019_1101_1437,0.0851
2019_1101_1438,0.0144
2019_1101_1439,0.0405
2019_1101_1449,0.1170
2019_1101_1458,0.0577
2019_1101_1459,0.0764
2019_1101_1463,0.2246
2019_1113_1120,0.1550
2019_1113_1124,0.4382
2019_1113_1125,0.4493
2019_1113_1133,0.8388
2019_1113_1138,0.1675
2019_1113_1153,0.2114
2019_1113_1159,0.7155
2019_1113_1181,0.0233
2019_1113_1192,0.8898
2019_1113_1196,0.3653
2019_1113_1199,0.1965
2019_1113_1205,0.8615
2019_1113_1209,0.7055
2019_1113_1211,0.0217
2019_1113_1222,0.1299
2019_1113_1233,0.8693
2019_1113_1234,0.4900
2019_1113_1235,0.2151
2019_1113_1242,0.1710
2019_1113_1243,0.3608
2019_1113_1246,0.1172
2019_1113_1251,0.6701
2019_1113_1257,0.1936
2019_1113_1261,0.2334
2019_1113_1266,0.2491
2019_1113_1268,0.2911
2019_1113_1276,0.1196
2019_1113_1277,0.0885
2019_1113_1278,0.5536
2019_1113_1279,0.4697
2019_1113_1280,0.2139
2019_1113_1285,0.6422
2019_1113_1293,0.4177
2019_1113_1295,0.8222
2019_1113_1297,0.6712
2019_1113_1300,0.9501
2019_1113_1305,0.1974
2019_1113_1308,0.4441
2019_1113_1314,0.0452
2019_1113_1318,0.5093
2019_1113_1326,0.4379
2019_1113_1328,0.4485
2019_1113_1330,0.6982
2019_1113_1332,0.3013
2019_1113_1341,0.9136
2019_1113_1345,0.1889
2019_1113_1371,0.4912
2019_1113_1385,0.5755
2019_1113_1387,0.6376
2019_1113_1388,0.1847
2019_1113_1393,0.3066
2019_1113_1396,0.5471
2019_1113_1397,0.1542
2019_1113_1403,0.1544
2019_1113_1414,0.6639
2019_1113_1416,0.3057
2019_1113_1429,0.2188
2019_1113_1433,0.2421
2019_1113_1436,0.5192
2019_1113_1437,0.3016
2019_1113_1438,0.0635
2019_1113_1439,0.1641
2019_1113_1449,0.3811
2019_1113_1458,0.2216
2019_1113_1459,0.2775
2019_1113_1463,0.5737
2019_1120_1124,0.8065
2019_1120_1125,0.8134
2019_1120_1133,0.9653
2019_1120_1138,0.5182
2019_1120_1153,0.5889
2019_1120_1159,0.9307
2019_1120_1181,0.1130
2019_1120_1192,0.9773
2019_1120_1196,0.7546
2019_1120_1199,0.5666
2019_1120_1205,0.9708
2019_1120_1209,0.9275
2019_1120_1211,0.1059
2019_1120_1222,0.4438
2019_1120_1233,0.9726
2019_1120_1234,0.8370
2019_1120_1235,0.5943
2019_1120_1242,0.5244
2019_1120_1243,0.7511
2019_1120_1246,0.4151
2019_1120_1251,0.9156
2019_1120_1257,0.5620
2019_1120_1261,0.6194
2019_1120_1266,0.6393
2019_1120_1268,0.6870
2019_1120_1276,0.4207
2019_1120_1277,0.3416
2019_1120_1278,0.8689
2019_1120_1279,0.8256
2019_1120_1280,0.5925
2019_1120_1285,0.9056
2019_1120_1293,0.7931
2019_1120_1295,0.9611
2019_1120_1297,0.9160
2019_1120_1300,0.9903
2019_1120_1305,0.5679
2019_1120_1308,0.8102
2019_1120_1314,0.2018
2019_1120_1318,0.8473
2019_1120_1326,0.8063
2019_1120_1328,0.8130
2019_1120_1330,0.9252
2019_1120_1332,0.6974
2019_1120_1341,0.9826
2019_1120_1345,0.5545
2019_1120_1371,0.8376
2019_1120_1385,0.8787
2019_1120_1387,0.9039
2019_1120_1388,0.5477
2019_1120_1393,0.7026
2019_1120_1396,0.8659
2019_1120_1397,0.4935
2019_1120_1403,0.4939
2019_1120_1414,0.9135
2019_1120_1416,0.7018
2019_1120_1429,0.5995
2019_1120_1433,0.6306
2019_1120_1436,0.8523
2019_1120_1437,0.6977
2019_1120_1438,0.2661
2019_1120_1439,0.5120
2019_1120_1449,0.7669
2019_1120_1458,0.6034
2019_1120_1459,0.6724
2019_1120_1463,0.8779
2019_1124_1125,0.5050
2019_1124_1133,0.8668
2019_1124_1138,0.2011
2019_1124_1153,0.2511
2019_1124_1159,0.7587
2019_1124_1181,0.0290
2019_1124_1192,0.9099
2019_1124_1196,0.4185
2019_1124_1199,0.2342
2019_1124_1205,0.8861
2019_1124_1209,0.7497
2019_1124_1211,0.0270
2019_1124_1222,0.1573
2019_1124_1233,0.8926
2019_1124_1234,0.5458
2019_1124_1235,0.2553
2019_1124_1242,0.2051
2019_1124_1243,0.4138
2019_1124_1246,0.1424
2019_1124_1251,0.7175
2019_1124_1257,0.2309
2019_1124_1261,0.2758
2019_1124_1266,0.2932
2019_1124_1268,0.3393
2019_1124_1276,0.1452
2019_1124_1277,0.1082
2019_1124_1278,0.6080
2019_1124_1279,0.5255
2019_1124_1280,0.2539
2019_1124_1285,0.6918
2019_1124_1293,0.4728
2019_1124_1295,0.8526
2019_1124_1297,0.7185
2019_1124_1300,0.9597
2019_1124_1305,0.2352
2019_1124_1308,0.4998
2019_1124_1314,0.0559
2019_1124_1318,0.5649
2019_1124_1326,0.4935
2019_1124_1328,0.5042
2019_1124_1330,0.7431
2019_1124_1332,0.3504
2019_1124_1341,0.9297
2019_1124_1345,0.2255
2019_1124_1371,0.5470
2019_1124_1385,0.6290
2019_1124_1387,0.6876
2019_1124_1388,0.2208
2019_1124_1393,0.3561
2019_1124_1396,0.6018
2019_1124_1397,0.1857
2019_1124_1403,0.1859
2019_1124_1414,0.7118
2019_1124_1416,0.3551
2019_1124_1429,0.2594
2019_1124_1433,0.2855
2019_1124_1436,0.5745
2019_1124_1437,0.3507
2019_1124_1438,0.0782
2019_1124_1439,0.1971
2019_1124_1449,0.4350
2019_1124_1458,0.2625
2019_1124_1459,0.3245
2019_1124_1463,0.6272
2019_1125_1133,0.8623
2019_1125_1138,0.1950
2019_1125_1153,0.2440
2019_1125_1159,0.7517
2019_1125_1181,0.0279
2019_1125_1192,0.9067
2019_1125_1196,0.4092
2019_1125_1199,0.2274
2019_1125_1205,0.8822
2019_1125_1209,0.7425
2019_1125_1211,0.0260
2019_1125_1222,0.1524
2019_1125_1233,0.8889
2019_1125_1234,0.5363
2019_1125_1235,0.2481
2019_1125_1242,0.1989
2019_1125_1243,0.4046
2019_1125_1246,0.1378
2019_1125_1251,0.7097
2019_1125_1257,0.2242
2019_1125_1261,0.2682
2019_1125_1266,0.2853
2019_1125_1268,0.3308
2019_1125_1276,0.1406
2019_1125_1277,0.1046
2019_1125_1278,0.5989
2019_1125_1279,0.5160
2019_1125_1280,0.2467
2019_1125_1285,0.6836
2019_1125_1293,0.4633
2019_1125_1295,0.8477
2019_1125_1297,0.7108
2019_1125_1300,0.9582
2019_1125_1305,0.2284
2019_1125_1308,0.4902
2019_1125_1314,0.0539
2019_1125_1318,0.5555
2019_1125_1326,0.4840
2019_1125_1328,0.4947
2019_1125_1330,0.7358
2019_1125_1332,0.3417
2019_1125_1341,0.9271
2019_1125_1345,0.2189
2019_1125_1371,0.5375
2019_1125_1385,0.6201
2019_1125_1387,0.6793
2019_1125_1388,0.2143
2019_1125_1393,0.3474
2019_1125_1396,0.5926
2019_1125_1397,0.1800
2019_1125_1403,0.1802
2019_1125_1414,0.7039
2019_1125_1416,0.3465
2019_1125_1429,0.2522
2019_1125_1433,0.2777
2019_1125_1436,0.5652
2019_1125_1437,0.3421
2019_1125_1438,0.0755
2019_1125_1439,0.1911
2019_1125_1449,0.4257
2019_1125_1458,0.2552
2019_1125_1459,0.3162
2019_1125_1463,0.6183
2019_1133_1138,0.0363
2019_1133_1153,0.0477
2019_1133_1159,0.3198
2019_1133_1181,0.0044
2019_1133_1192,0.6014
2019_1133_1196,0.0971
2019_1133_1199,0.0437
2019_1133_1205,0.5378
2019_1133_1209,0.3093
2019_1133_1211,0.0041
2019_1133_1222,0.0272
2019_1133_1233,0.5542
2019_1133_1234,0.1523
2019_1133_1235,0.0488
2019_1133_1242,0.0371
2019_1133_1243,0.0955
2019_1133_1246,0.0242
2019_1133_1251,0.2752
2019_1133_1257,0.0430
2019_1133_1261,0.0539
2019_1133_1266,0.0584
2019_1133_1268,0.0713
2019_1133_1276,0.0248
2019_1133_1277,0.0178
2019_1133_1278,0.1882
2019_1133_1279,0.1421
2019_1133_1280,0.0484
2019_1133_1285,0.2513
2019_1133_1293,0.1182
2019_1133_1295,0.4637
2019_1133_1297,0.2762
2019_1133_1300,0.7808
2019_1133_1305,0.0440
2019_1133_1308,0.1300
2019_1133_1314,0.0088
2019_1133_1318,0.1625
2019_1133_1326,0.1271
2019_1133_1328,0.1320
2019_1133_1330,0.3019
2019_1133_1332,0.0746
2019_1133_1341,0.6641
2019_1133_1345,0.0417
2019_1133_1371,0.1529
2019_1133_1385,0.2022
2019_1133_1387,0.2476
2019_1133_1388,0.0406
2019_1133_1393,0.0764
2019_1133_1396,0.1843
2019_1133_1397,0.0330
2019_1133_1403,0.0330
2019_1133_1414,0.2697
2019_1133_1416,0.0761
2019_1133_1429,0.0498
2019_1133_1433,0.0564
2019_1133_1436,0.1680
2019_1133_1437,0.0747
2019_1133_1438,0.0125
2019_1133_1439,0.0354
2019_1133_1449,0.1032
2019_1133_1458,0.0505
2019_1133_1459,0.0670
2019_1133_1463,0.2010
2019_1138_1153,0.5672
2019_1138_1159,0.9248
2019_1138_1181,0.1044
2019_1138_1192,0.9753
2019_1138_1196,0.7378
2019_1138_1199,0.5446
2019_1138_1205,0.9682
2019_1138_1209,0.9213
2019_1138_1211,0.0977
2019_1138_1222,0.4219
2019_1138_1233,0.9702
2019_1138_1234,0.8245
2019_1138_1235,0.5727
2019_1138_1242,0.5021
2019_1138_1243,0.7340
2019_1138_1246,0.3936
2019_1138_1251,0.9085
2019_1138_1257,0.5400
2019_1138_1261,0.5981
2019_1138_1266,0.6185
2019_1138_1268,0.6675
2019_1138_1276,0.3991
2019_1138_1277,0.3218
2019_1138_1278,0.8584
2019_1138_1279,0.8124
2019_1138_1280,0.5709
2019_1138_1285,0.8977
2019_1138_1293,0.7781
2019_1138_1295,0.9576
2019_1138_1297,0.9089
2019_1138_1300,0.9894
2019_1138_1305,0.5459
2019_1138_1308,0.7961
2019_1138_1314,0.1879
2019_1138_1318,0.8354
2019_1138_1326,0.7920
2019_1138_1328,0.7990
2019_1138_1330,0.9188
2019_1138_1332,0.6783
2019_1138_1341,0.9810
2019_1138_1345,0.5323
2019_1138_1371,0.8252
2019_1138_1385,0.8689
2019_1138_1387,0.8959
2019_1138_1388,0.5255
2019_1138_1393,0.6837
2019_1138_1396,0.8552
2019_1138_1397,0.4713
2019_1138_1403,0.4717
2019_1138_1414,0.9061
2019_1138_1416,0.6828
2019_1138_1429,0.5780
2019_1138_1433,0.6096
2019_1138_1436,0.8407
2019_1138_1437,0.6786
2019_1138_1438,0.2490
2019_1138_1439,0.4897
2019_1138_1449,0.7506
2019_1138_1458,0.5819
2019_1138_1459,0.6525
2019_1138_1463,0.8680
2019_1153_1159,0.9011
2019_1153_1181,0.0795
2019_1153_1192,0.9669
2019_1153_1196,0.6759
2019_1153_1199,0.4699
2019_1153_1205,0.9575
2019_1153_1209,0.8967
2019_1153_1211,0.0743
2019_1153_1222,0.3511
2019_1153_1233,0.9602
2019_1153_1234,0.7769
2019_1153_1235,0.4984
2019_1153_1242,0.4278
2019_1153_1243,0.6717
2019_1153_1246,0.3249
2019_1153_1251,0.8804
2019_1153_1257,0.4653
2019_1153_1261,0.5246
2019_1153_1266,0.5459
2019_1153_1268,0.5981
2019_1153_1276,0.3300
2019_1153_1277,0.2602
2019_1153_1278,0.8180
2019_1153_1279,0.7625
2019_1153_1280,0.4965
2019_1153_1285,0.8668
2019_1153_1293,0.7222
2019_1153_1295,0.9437
2019_1153_1297,0.8809
2019_1153_1300,0.9857
2019_1153_1305,0.4712
2019_1153_1308,0.7433
2019_1153_1314,0.1464
2019_1153_1318,0.7900
2019_1153_1326,0.7385
2019_1153_1328,0.7467
2019_1153_1330,0.8934
2019_1153_1332,0.6098
2019_1153_1341,0.9746
2019_1153_1345,0.4577
2019_1153_1371,0.7777
2019_1153_1385,0.8309
2019_1153_1387,0.8645
2019_1153_1388,0.4509
2019_1153_1393,0.6158
2019_1153_1396,0.8141
2019_1153_1397,0.3979
2019_1153_1403,0.3983
2019_1153_1414,0.8774
2019_1153_1416,0.6148
2019_1153_1429,0.5038
2019_1153_1433,0.5366
2019_1153_1436,0.7965
2019_1153_1437,0.6102
2019_1153_1438,0.1973
2019_1153_1439,0.4157
2019_1153_1449,0.6905
2019_1153_1458,0.5078
2019_1153_1459,0.5819
2019_1153_1463,0.8298
2019_1159_1181,0.0092
2019_1159_1192,0.7585
2019_1159_1196,0.1829
2019_1159_1199,0.0869
2019_1159_1205,0.7077
2019_1159_1209,0.4824
2019_1159_1211,0.0085
2019_1159_1222,0.0549
2019_1159_1233,0.7212
2019_1159_1234,0.2721
2019_1159_1235,0.0964
2019_1159_1242,0.0743
2019_1159_1243,0.1801
2019_1159_1246,0.0491
2019_1159_1251,0.4414
2019_1159_1257,0.0854
2019_1159_1261,0.1059
2019_1159_1266,0.1143
2019_1159_1268,0.1378
2019_1159_1276,0.0502
2019_1159_1277,0.0364
2019_1159_1278,0.3255
2019_1159_1279,0.2563
2019_1159_1280,0.0957
2019_1159_1285,0.4112
2019_1159_1293,0.2182
2019_1159_1295,0.6427
2019_1159_1297,0.4427
2019_1159_1300,0.8811
2019_1159_1305,0.0873
2019_1159_1308,0.2371
2019_1159_1314,0.0181
2019_1159_1318,0.2877
2019_1159_1326,0.2326
2019_1159_1328,0.2404
2019_1159_1330,0.4737
2019_1159_1332,0.1437
2019_1159_1341,0.8044
2019_1159_1345,0.0831
2019_1159_1371,0.2730
2019_1159_1385,0.3453
2019_1159_1387,0.4064
2019_1159_1388,0.0810
2019_1159_1393,0.1468
2019_1159_1396,0.3198
2019_1159_1397,0.0662
2019_1159_1403,0.0663
2019_1159_1414,0.4345
2019_1159_1416,0.1463
2019_1159_1429,0.0983
2019_1159_1433,0.1105
2019_1159_1436,0.2958
2019_1159_1437,0.1439
2019_1159_1438,0.0257
2019_1159_1439,0.0710
2019_1159_1449,0.1932
2019_1159_1458,0.0997
2019_1159_1459,0.1300
2019_1159_1463,0.3436
2019_1181_1192,0.9970
2019_1181_1196,0.9596
2019_1181_1199,0.9098
2019_1181_1205,0.9961
2019_1181_1209,0.9900
2019_1181_1211,0.4774
2019_1181_1222,0.8603
2019_1181_1233,0.9964
2019_1181_1234,0.9754
2019_1181_1235,0.9187
2019_1181_1242,0.8948
2019_1181_1243,0.9588
2019_1181_1246,0.8455
2019_1181_1251,0.9882
2019_1181_1257,0.9083
2019_1181_1261,0.9262
2019_1181_1266,0.9319
2019_1181_1268,0.9442
2019_1181_1276,0.8485
2019_1181_1277,0.8001
2019_1181_1278,0.9808
2019_1181_1279,0.9733
2019_1181_1280,0.9182
2019_1181_1285,0.9867
2019_1181_1293,0.9673
2019_1181_1295,0.9948
2019_1181_1297,0.9883
2019_1181_1300,0.9987
2019_1181_1305,0.9102
2019_1181_1308,0.9705
2019_1181_1314,0.6611
2019_1181_1318,0.9772
2019_1181_1326,0.9698
2019_1181_1328,0.9710
2019_1181_1330,0.9896
2019_1181_1332,0.9468
2019_1181_1341,0.9977
2019_1181_1345,0.9057
2019_1181_1371,0.9755
2019_1181_1385,0.9824
2019_1181_1387,0.9864
2019_1181_1388,0.9033
2019_1181_1393,0.9480
2019_1181_1396,0.9803
2019_1181_1397,0.8826
2019_1181_1403,0.8827
2019_1181_1414,0.9879
2019_1181_1416,0.9478
2019_1181_1429,0.9203
2019_1181_1433,0.9294
2019_1181_1436,0.9780
2019_1181_1437,0.9468
2019_1181_1438,0.7366
2019_1181_1439,0.8900
2019_1181_1449,0.9621
2019_1181_1458,0.9215
2019_1181_1459,0.9406
2019_1181_1463,0.9823
2019_1192_1196,0.0653
2019_1192_1199,0.0288
2019_1192_1205,0.4302
2019_1192_1209,0.2252
2019_1192_1211,0.0027
2019_1192_1222,0.0178
2019_1192_1233,0.4465
2019_1192_1234,0.1044
2019_1192_1235,0.0322
2019_1192_1242,0.0244
2019_1192_1243,0.0641
2019_1192_1246,0.0159
2019_1192_1251,0.1977
2019_1192_1257,0.0283
2019_1192_1261,0.0356
2019_1192_1266,0.0387
2019_1192_1268,0.0475
2019_1192_1276,0.0162
2019_1192_1277,0.0116
2019_1192_1278,0.1308
2019_1192_1279,0.0970
2019_1192_1280,0.0320
2019_1192_1285,0.1789
2019_1192_1293,0.0801
2019_1192_1295,0.3594
2019_1192_1297,0.1985
2019_1192_1300,0.6981
2019_1192_1305,0.0290
2019_1192_1308,0.0884
2019_1192_1314,0.0057
2019_1192_1318,0.1119
2019_1192_1326,0.0864
2019_1192_1328,0.0898
2019_1192_1330,0.2192
2019_1192_1332,0.0497
2019_1192_1341,0.5620
2019_1192_1345,0.0275
2019_1192_1371,0.1049
2019_1192_1385,0.1413
2019_1192_1387,0.1760
2019_1192_1388,0.0268
2019_1192_1393,0.0509
2019_1192_1396,0.1279
2019_1192_1397,0.0216
2019_1192_1403,0.0217
2019_1192_1414,0.1933
2019_1192_1416,0.0507
2019_1192_1429,0.0329
2019_1192_1433,0.0373
2019_1192_1436,0.1158
2019_1192_1437,0.0498
2019_1192_1438,0.0082
2019_1192_1439,0.0233
2019_1192_1449,0.0695
2019_1192_1458,0.0334
2019_1192_1459,0.0445
2019_1192_1463,0.1404
2019_1196_1199,0.2918
2019_1196_1205,0.9129
2019_1196_1209,0.8014
2019_1196_1211,0.0360
2019_1196_1222,0.2010
2019_1196_1233,0.9181
2019_1196_1234,0.6182
2019_1196_1235,0.3159
2019_1196_1242,0.2579
2019_1196_1243,0.4875
2019_1196_1246,0.1828
2019_1196_1251,0.7739
2019_1196_1257,0.2881
2019_1196_1261,0.3391
2019_1196_1266,0.3585
2019_1196_1268,0.4090
2019_1196_1276,0.1863
2019_1196_1277,0.1406
2019_1196_1278,0.6763
2019_1196_1279,0.5988
2019_1196_1280,0.3144
2019_1196_1285,0.7515
2019_1196_1293,0.5472
2019_1196_1295,0.8862
2019_1196_1297,0.7747
2019_1196_1300,0.9698
2019_1196_1305,0.2929
2019_1196_1308,0.5738
2019_1196_1314,0.0738
2019_1196_1318,0.6362
2019_1196_1326,0.5676
2019_1196_1328,0.5781
2019_1196_1330,0.7958
2019_1196_1332,0.4208
2019_1196_1341,0.9468
2019_1196_1345,0.2818
2019_1196_1371,0.6193
2019_1196_1385,0.6955
2019_1196_1387,0.7478
2019_1196_1388,0.2763
2019_1196_1393,0.4269
2019_1196_1396,0.6706
2019_1196_1397,0.2350
2019_1196_1403,0.2353
2019_1196_1414,0.7689
2019_1196_1416,0.4260
2019_1196_1429,0.3206
2019_1196_1433,0.3499
2019_1196_1436,0.6453
2019_1196_1437,0.4212
2019_1196_1438,0.1026
2019_1196_1439,0.2486
2019_1196_1449,0.5092
2019_1196_1458,0.3241
2019_1196_1459,0.3929
2019_1196_1463,0.6939
2019_1199_1205,0.9613
2019_1199_1209,0.9054
2019_1199_1211,0.0813
2019_1199_1222,0.3737
2019_1199_1233,0.9637
2019_1199_1234,0.7934
2019_1199_1235,0.5228
2019_1199_1242,0.4519
2019_1199_1243,0.6929
2019_1199_1246,0.3466
2019_1199_1251,0.8903
2019_1199_1257,0.4897
2019_1199_1261,0.5489
2019_1199_1266,0.5700
2019_1199_1268,0.6214
2019_1199_1276,0.3519
2019_1199_1277,0.2795
2019_1199_1278,0.8321
2019_1199_1279,0.7797
2019_1199_1280,0.5209
2019_1199_1285,0.8776
2019_1199_1293,0.7413
2019_1199_1295,0.9487
2019_1199_1297,0.8908
2019_1199_1300,0.9870
2019_1199_1305,0.4956
2019_1199_1308,0.7615
2019_1199_1314,0.1590
2019_1199_1318,0.8057
2019_1199_1326,0.7569
2019_1199_1328,0.7647
2019_1199_1330,0.9024
2019_1199_1332,0.6328
2019_1199_1341,0.9769
2019_1199_1345,0.4820
2019_1199_1371,0.7941
2019_1199_1385,0.8442
2019_1199_1387,0.8755
2019_1199_1388,0.4752
2019_1199_1393,0.6386
2019_1199_1396,0.8284
2019_1199_1397,0.4215
2019_1199_1403,0.4219
2019_1199_1414,0.8875
2019_1199_1416,0.6377
2019_1199_1429,0.5282
2019_1199_1433,0.5607
2019_1199_1436,0.8119
2019_1199_1437,0.6332
2019_1199_1438,0.2133
2019_1199_1439,0.4396
2019_1199_1449,0.7110
2019_1199_1458,0.5322
2019_1199_1459,0.6055
2019_1199_1463,0.8432
2019_1205_1209,0.2738
2019_1205_1211,0.0035
2019_1205_1222,0.0230
2019_1205_1233,0.5114
2019_1205_1234,0.1314
2019_1205_1235,0.0414
2019_1205_1242,0.0315
2019_1205_1243,0.0816
2019_1205_1246,0.0205
2019_1205_1251,0.2423
2019_1205_1257,0.0364
2019_1205_1261,0.0457
2019_1205_1266,0.0496
2019_1205_1268,0.0607
2019_1205_1276,0.0209
2019_1205_1277,0.0150
2019_1205_1278,0.1633
2019_1205_1279,0.1224
2019_1205_1280,0.0411
2019_1205_1285,0.2203
2019_1205_1293,0.1014
2019_1205_1295,0.4213
2019_1205_1297,0.2432
2019_1205_1300,0.7499
2019_1205_1305,0.0373
2019_1205_1308,0.1117
2019_1205_1314,0.0074
2019_1205_1318,0.1404
2019_1205_1326,0.1092
2019_1205_1328,0.1135
2019_1205_1330,0.2669
2019_1205_1332,0.0636
2019_1205_1341,0.6247
2019_1205_1345,0.0354
2019_1205_1371,0.1319
2019_1205_1385,0.1759
2019_1205_1387,0.2169
2019_1205_1388,0.0344
2019_1205_1393,0.0651
2019_1205_1396,0.1598
2019_1205_1397,0.0279
2019_1205_1403,0.0279
2019_1205_1414,0.2372
2019_1205_1416,0.0648
2019_1205_1429,0.0422
2019_1205_1433,0.0479
2019_1205_1436,0.1453
2019_1205_1437,0.0637
2019_1205_1438,0.0106
2019_1205_1439,0.0300
2019_1205_1449,0.0884
2019_1205_1458,0.0429
2019_1205_1459,0.0570
2019_1205_1463,0.1748
2019_1209_1211,0.0090
2019_1209_1222,0.0575
2019_1209_1233,0.7309
2019_1209_1234,0.2819
2019_1209_1235,0.1007
2019_1209_1242,0.0777
2019_1209_1243,0.1874
2019_1209_1246,0.0514
2019_1209_1251,0.4535
2019_1209_1257,0.0893
2019_1209_1261,0.1106
2019_1209_1266,0.1193
2019_1209_1268,0.1437
2019_1209_1276,0.0526
2019_1209_1277,0.0381
2019_1209_1278,0.3363
2019_1209_1279,0.2657
2019_1209_1280,0.1000
2019_1209_1285,0.4230
2019_1209_1293,0.2266
2019_1209_1295,0.6539
2019_1209_1297,0.4547
2019_1209_1300,0.8861
2019_1209_1305,0.0913
2019_1209_1308,0.2461
2019_1209_1314,0.0190
2019_1209_1318,0.2978
2019_1209_1326,0.2414
2019_1209_1328,0.2494
2019_1209_1330,0.4859
2019_1209_1332,0.1498
2019_1209_1341,0.8120
2019_1209_1345,0.0869
2019_1209_1371,0.2828
2019_1209_1385,0.3564
2019_1209_1387,0.4182
2019_1209_1388,0.0847
2019_1209_1393,0.1530
2019_1209_1396,0.3305
2019_1209_1397,0.0693
2019_1209_1403,0.0694
2019_1209_1414,0.4465
2019_1209_1416,0.1525
2019_1209_1429,0.1027
2019_1209_1433,0.1154
2019_1209_1436,0.3061
2019_1209_1437,0.1500
2019_1209_1438,0.0270
2019_1209_1439,0.0742
2019_1209_1449,0.2010
2019_1209_1458,0.1042
2019_1209_1459,0.1356
2019_1209_1463,0.3547
2019_1211_1222,0.8688
2019_1211_1233,0.9966
2019_1211_1234,0.9771
2019_1211_1235,0.9240
2019_1211_1242,0.9015
2019_1211_1243,0.9616
2019_1211_1246,0.8548
2019_1211_1251,0.9890
2019_1211_1257,0.9142
2019_1211_1261,0.9311
2019_1211_1266,0.9364
2019_1211_1268,0.9480
2019_1211_1276,0.8577
2019_1211_1277,0.8115
2019_1211_1278,0.9821
2019_1211_1279,0.9752
2019_1211_1280,0.9235
2019_1211_1285,0.9876
2019_1211_1293,0.9695
2019_1211_1295,0.9951
2019_1211_1297,0.9891
2019_1211_1300,0.9988
2019_1211_1305,0.9160
2019_1211_1308,0.9726
2019_1211_1314,0.6773
2019_1211_1318,0.9787
2019_1211_1326,0.9719
2019_1211_1328,0.9730
2019_1211_1330,0.9903
2019_1211_1332,0.9503
2019_1211_1341,0.9979
2019_1211_1345,0.9117
2019_1211_1371,0.9772
2019_1211_1385,0.9836
2019_1211_1387,0.9874
2019_1211_1388,0.9095
2019_1211_1393,0.9515
2019_1211_1396,0.9817
2019_1211_1397,0.8900
2019_1211_1403,0.8901
2019_1211_1414,0.9887
2019_1211_1416,0.9513
2019_1211_1429,0.9255
2019_1211_1433,0.9341
2019_1211_1436,0.9795
2019_1211_1437,0.9504
2019_1211_1438,0.7506
2019_1211_1439,0.8970
2019_1211_1449,0.9647
2019_1211_1458,0.9266
2019_1211_1459,0.9446
2019_1211_1463,0.9835
2019_1222_1233,0.9775
2019_1222_1234,0.8624
2019_1222_1235,0.6413
2019_1222_1242,0.5736
2019_1222_1243,0.7864
2019_1222_1246,0.4641
2019_1222_1251,0.9298
2019_1222_1257,0.6103
2019_1222_1261,0.6651
2019_1222_1266,0.6839
2019_1222_1268,0.7281
2019_1222_1276,0.4698
2019_1222_1277,0.3876
2019_1222_1278,0.8900
2019_1222_1279,0.8524
2019_1222_1280,0.6396
2019_1222_1285,0.9213
2019_1222_1293,0.8239
2019_1222_1295,0.9679
2019_1222_1297,0.9301
2019_1222_1300,0.9920
2019_1222_1305,0.6159
2019_1222_1308,0.8390
2019_1222_1314,0.2358
2019_1222_1318,0.8713
2019_1222_1326,0.8356
2019_1222_1328,0.8414
2019_1222_1330,0.9378
2019_1222_1332,0.7377
2019_1222_1341,0.9857
2019_1222_1345,0.6030
2019_1222_1371,0.8629
2019_1222_1385,0.8984
2019_1222_1387,0.9199
2019_1222_1388,0.5964
2019_1222_1393,0.7425
2019_1222_1396,0.8874
2019_1222_1397,0.5432
2019_1222_1403,0.5436
2019_1222_1414,0.9280
2019_1222_1416,0.7417
2019_1222_1429,0.6463
2019_1222_1433,0.6757
2019_1222_1436,0.8757
2019_1222_1437,0.7380
2019_1222_1438,0.3067
2019_1222_1439,0.5615
2019_1222_1449,0.8006
2019_1222_1458,0.6499
2019_1222_1459,0.7147
2019_1222_1463,0.8977
2019_1233_1234,0.1244
2019_1233_1235,0.0390
2019_1233_1242,0.0296
2019_1233_1243,0.0770
2019_1233_1246,0.0193
2019_1233_1251,0.2310
2019_1233_1257,0.0343
2019_1233_1261,0.0431
2019_1233_1266,0.0468
2019_1233_1268,0.0572
2019_1233_1276,0.0197
2019_1233_1277,0.0141
2019_1233_1278,0.1550
2019_1233_1279,0.1158
2019_1233_1280,0.0387
2019_1233_1285,0.2097
2019_1233_1293,0.0959
2019_1233_1295,0.4061
2019_1233_1297,0.2319
2019_1233_1300,0.7380
2019_1233_1305,0.0351
2019_1233_1308,0.1056
2019_1233_1314,0.0069
2019_1233_1318,0.1331
2019_1233_1326,0.1033
2019_1233_1328,0.1074
2019_1233_1330,0.2549
2019_1233_1332,0.0599
2019_1233_1341,0.6099
2019_1233_1345,0.0333
2019_1233_1371,0.1249
2019_1233_1385,0.1670
2019_1233_1387,0.2065
2019_1233_1388,0.0324
2019_1233_1393,0.0614
2019_1233_1396,0.1516
2019_1233_1397,0.0263
2019_1233_1403,0.0263
2019_1233_1414,0.2260
2019_1233_1416,0.0611
2019_1233_1429,0.0398
2019_1233_1433,0.0451
2019_1233_1436,0.1377
2019_1233_1437,0.0600
2019_1233_1438,0.0099
2019_1233_1439,0.0282
2019_1233_1449,0.0834
2019_1233_1458,0.0404
2019_1233_1459,0.0537
2019_1233_1463,0.1659
2019_1234_1235,0.2191
2019_1234_1242,0.1743
2019_1234_1243,0.3662
2019_1234_1246,0.1196
2019_1234_1251,0.6752
2019_1234_1257,0.1973
2019_1234_1261,0.2376
2019_1234_1266,0.2534
2019_1234_1268,0.2959
2019_1234_1276,0.1221
2019_1234_1277,0.0904
2019_1234_1278,0.5593
2019_1234_1279,0.4754
2019_1234_1280,0.2178
2019_1234_1285,0.6475
2019_1234_1293,0.4233
2019_1234_1295,0.8255
2019_1234_1297,0.6763
2019_1234_1300,0.9512
2019_1234_1305,0.2010
2019_1234_1308,0.4498
2019_1234_1314,0.0462
2019_1234_1318,0.5151
2019_1234_1326,0.4436
2019_1234_1328,0.4542
2019_1234_1330,0.7030
2019_1234_1332,0.3062
2019_1234_1341,0.9154
2019_1234_1345,0.1924
2019_1234_1371,0.4970
2019_1234_1385,0.5812
2019_1234_1387,0.6430
2019_1234_1388,0.1882
2019_1234_1393,0.3115
2019_1234_1396,0.5529
2019_1234_1397,0.1573
2019_1234_1403,0.1575
2019_1234_1414,0.6690
2019_1234_1416,0.3107
2019_1234_1429,0.2228
2019_1234_1433,0.2464
2019_1234_1436,0.5249
2019_1234_1437,0.3065
2019_1234_1438,0.0649
2019_1234_1439,0.1673
2019_1234_1449,0.3865
2019_1234_1458,0.2256
2019_1234_1459,0.2821
2019_1234_1463,0.5793
2019_1235_1242,0.4243
2019_1235_1243,0.6685
2019_1235_1246,0.3217
2019_1235_1251,0.8789
2019_1235_1257,0.4617
2019_1235_1261,0.5210
2019_1235_1266,0.5423
2019_1235_1268,0.5947
2019_1235_1276,0.3268
2019_1235_1277,0.2575
2019_1235_1278,0.8159
2019_1235_1279,0.7598
2019_1235_1280,0.4929
2019_1235_1285,0.8651
2019_1235_1293,0.7193
2019_1235_1295,0.9429
2019_1235_1297,0.8794
2019_1235_1300,0.9855
2019_1235_1305,0.4676
2019_1235_1308,0.7405
2019_1235_1314,0.1446
2019_1235_1318,0.7876
2019_1235_1326,0.7357
2019_1235_1328,0.7440
2019_1235_1330,0.8921
2019_1235_1332,0.6064
2019_1235_1341,0.9742
2019_1235_1345,0.4541
2019_1235_1371,0.7752
2019_1235_1385,0.8289
2019_1235_1387,0.8628
2019_1235_1388,0.4473
2019_1235_1393,0.6123
2019_1235_1396,0.8119
2019_1235_1397,0.3944
2019_1235_1403,0.3948
2019_1235_1414,0.8759
2019_1235_1416,0.6114
2019_1235_1429,0.5002
2019_1235_1433,0.5330
2019_1235_1436,0.7941
2019_1235_1437,0.6067
2019_1235_1438,0.1951
2019_1235_1439,0.4122
2019_1235_1449,0.6874
2019_1235_1458,0.5042
2019_1235_1459,0.5784
2019_1235_1463,0.8278
2019_1242_1243,0.7281
2019_1242_1246,0.3865
2019_1242_1251,0.9060
2019_1242_1257,0.5326
2019_1242_1261,0.5909
2019_1242_1266,0.6115
2019_1242_1268,0.6608
2019_1242_1276,0.3920
2019_1242_1277,0.3153
2019_1242_1278,0.8547
2019_1242_1279,0.8078
2019_1242_1280,0.5635
2019_1242_1285,0.8949
2019_1242_1293,0.7729
2019_1242_1295,0.9564
2019_1242_1297,0.9064
2019_1242_1300,0.9891
2019_1242_1305,0.5385
2019_1242_1308,0.7913
2019_1242_1314,0.1834
2019_1242_1318,0.8312
2019_1242_1326,0.7871
2019_1242_1328,0.7942
2019_1242_1330,0.9165
2019_1242_1332,0.6717
2019_1242_1341,0.9805
2019_1242_1345,0.5249
2019_1242_1371,0.8208
2019_1242_1385,0.8655
2019_1242_1387,0.8930
2019_1242_1388,0.5181
2019_1242_1393,0.6772
2019_1242_1396,0.8515
2019_1242_1397,0.4639
2019_1242_1403,0.4642
2019_1242_1414,0.9036
2019_1242_1416,0.6763
2019_1242_1429,0.5707
2019_1242_1433,0.6025
2019_1242_1436,0.8367
2019_1242_1437,0.6721
2019_1242_1438,0.2435
2019_1242_1439,0.4823
2019_1242_1449,0.7450
2019_1242_1458,0.5746
2019_1242_1459,0.6457
2019_1242_1463,0.8646
2019_1243_1246,0.1852
2019_1243_1251,0.7767
2019_1243_1257,0.2914
2019_1243_1261,0.3427
2019_1243_1266,0.3622
2019_1243_1268,0.4129
2019_1243_1276,0.1888
2019_1243_1277,0.1425
2019_1243_1278,0.6799
2019_1243_1279,0.6026
2019_1243_1280,0.3178
2019_1243_1285,0.7545
2019_1243_1293,0.5512
2019_1243_1295,0.8879
2019_1243_1297,0.7776
2019_1243_1300,0.9703
2019_1243_1305,0.2963
2019_1243_1308,0.5777
2019_1243_1314,0.0750
2019_1243_1318,0.6400
2019_1243_1326,0.5716
2019_1243_1328,0.5821
2019_1243_1330,0.7984
2019_1243_1332,0.4248
2019_1243_1341,0.9477
2019_1243_1345,0.2851
2019_1243_1371,0.6231
2019_1243_1385,0.6990
2019_1243_1387,0.7508
2019_1243_1388,0.2795
2019_1243_1393,0.4309
2019_1243_1396,0.6742
2019_1243_1397,0.2379
2019_1243_1403,0.2382
2019_1243_1414,0.7718
2019_1243_1416,0.4299
2019_1243_1429,0.3242
2019_1243_1433,0.3536
2019_1243_1436,0.6490
2019_1243_1437,0.4251
2019_1243_1438,0.1041
2019_1243_1439,0.2516
2019_1243_1449,0.5132
2019_1243_1458,0.3277
2019_1243_1459,0.3967
2019_1243_1463,0.6973
2019_1246_1251,0.9372
2019_1246_1257,0.6381
2019_1246_1261,0.6909
2019_1246_1266,0.7089
2019_1246_1268,0.7509
2019_1246_1276,0.4994
2019_1246_1277,0.4161
2019_1246_1278,0.9010
2019_1246_1279,0.8667
2019_1246_1280,0.6664
2019_1246_1285,0.9295
2019_1246_1293,0.8404
2019_1246_1295,0.9714
2019_1246_1297,0.9374
2019_1246_1300,0.9929
2019_1246_1305,0.6435
2019_1246_1308,0.8543
2019_1246_1314,0.2578
2019_1246_1318,0.8840
2019_1246_1326,0.8512
2019_1246_1328,0.8565
2019_1246_1330,0.9444
2019_1246_1332,0.7600
2019_1246_1341,0.9873
2019_1246_1345,0.6309
2019_1246_1371,0.8763
2019_1246_1385,0.9087
2019_1246_1387,0.9282
2019_1246_1388,0.6245
2019_1246_1393,0.7645
2019_1246_1396,0.8987
2019_1246_1397,0.5724
2019_1246_1403,0.5728
2019_1246_1414,0.9355
2019_1246_1416,0.7638
2019_1246_1429,0.6728
2019_1246_1433,0.7011
2019_1246_1436,0.8880
2019_1246_1437,0.7602
2019_1246_1438,0.3324
2019_1246_1439,0.5904
2019_1246_1449,0.8188
2019_1246_1458,0.6763
2019_1246_1459,0.7382
2019_1246_1463,0.9081
2019_1251_1257,0.1030
2019_1251_1261,0.1271
2019_1251_1266,0.1369
2019_1251_1268,0.1642
2019_1251_1276,0.0610
2019_1251_1277,0.0444
2019_1251_1278,0.3723
2019_1251_1279,0.2975
2019_1251_1280,0.1151
2019_1251_1285,0.4619
2019_1251_1293,0.2554
2019_1251_1295,0.6886
2019_1251_1297,0.4940
2019_1251_1300,0.9011
2019_1251_1305,0.1052
2019_1251_1308,0.2764
2019_1251_1314,0.0221
2019_1251_1318,0.3317
2019_1251_1326,0.2715
2019_1251_1328,0.2800
2019_1251_1330,0.5252
2019_1251_1332,0.1710
2019_1251_1341,0.8349
2019_1251_1345,0.1002
2019_1251_1371,0.3159
2019_1251_1385,0.3934
2019_1251_1387,0.4570
2019_1251_1388,0.0978
2019_1251_1393,0.1745
2019_1251_1396,0.3662
2019_1251_1397,0.0802
2019_1251_1403,0.0803
2019_1251_1414,0.4857
2019_1251_1416,0.1740
2019_1251_1429,0.1181
2019_1251_1433,0.1325
2019_1251_1436,0.3405
2019_1251_1437,0.1712
2019_1251_1438,0.0314
2019_1251_1439,0.0858
2019_1251_1449,0.2275
2019_1251_1458,0.1198
2019_1251_1459,0.1552
2019_1251_1463,0.3915
2019_1257_1261,0.5533
2019_1257_1266,0.5743
2019_1257_1268,0.6256
2019_1257_1276,0.3560
2019_1257_1277,0.2831
2019_1257_1278,0.8346
2019_1257_1279,0.7828
2019_1257_1280,0.5254
2019_1257_1285,0.8795
2019_1257_1293,0.7448
2019_1257_1295,0.9495
2019_1257_1297,0.8925
2019_1257_1300,0.9873
2019_1257_1305,0.5001
2019_1257_1308,0.7647
2019_1257_1314,0.1614
2019_1257_1318,0.8085
2019_1257_1326,0.7602
2019_1257_1328,0.7679
2019_1257_1330,0.9039
2019_1257_1332,0.6370
2019_1257_1341,0.9773
2019_1257_1345,0.4865
2019_1257_1371,0.7971
2019_1257_1385,0.8465
2019_1257_1387,0.8774
2019_1257_1388,0.4796
2019_1257_1393,0.6427
2019_1257_1396,0.8309
2019_1257_1397,0.4259
2019_1257_1403,0.4262
2019_1257_1414,0.8893
2019_1257_1416,0.6418
2019_1257_1429,0.5326
2019_1257_1433,0.5651
2019_1257_1436,0.8146
2019_1257_1437,0.6373
2019_1257_1438,0.2163
2019_1257_1439,0.4440
2019_1257_1449,0.7147
2019_1257_1458,0.5366
2019_1257_1459,0.6097
2019_1257_1463,0.8455
2019_1261_1266,0.5173
2019_1261_1268,0.5703
2019_1261_1276,0.3051
2019_1261_1277,0.2388
2019_1261_1278,0.8003
2019_1261_1279,0.7411
2019_1261_1280,0.4679
2019_1261_1285,0.8529
2019_1261_1293,0.6986
2019_1261_1295,0.9373
2019_1261_1297,0.8684
2019_1261_1300,0.9840
2019_1261_1305,0.4428
2019_1261_1308,0.7208
2019_1261_1314,0.1326
2019_1261_1318,0.7703
2019_1261_1326,0.7157
2019_1261_1328,0.7244
2019_1261_1330,0.8820
2019_1261_1332,0.5822
2019_1261_1341,0.9716
2019_1261_1345,0.4294
2019_1261_1371,0.7573
2019_1261_1385,0.8142
2019_1261_1387,0.8504
2019_1261_1388,0.4227
2019_1261_1393,0.5883
2019_1261_1396,0.7961
2019_1261_1397,0.3708
2019_1261_1403,0.3711
2019_1261_1414,0.8645
2019_1261_1416,0.5873
2019_1261_1429,0.4751
2019_1261_1433,0.5079
2019_1261_1436,0.7772
2019_1261_1437,0.5826
2019_1261_1438,0.1798
2019_1261_1439,0.3881
2019_1261_1449,0.6655
2019_1261_1458,0.4791
2019_1261_1459,0.5538
2019_1261_1463,0.8130
2019_1266_1268,0.5478
2019_1266_1276,0.2862
2019_1266_1277,0.2226
2019_1266_1278,0.7854
2019_1266_1279,0.7232
2019_1266_1280,0.4453
2019_1266_1285,0.8412
2019_1266_1293,0.6791
2019_1266_1295,0.9317
2019_1266_1297,0.8576
2019_1266_1300,0.9825
2019_1266_1305,0.4204
2019_1266_1308,0.7021
2019_1266_1314,0.1225
2019_1266_1318,0.7538
2019_1266_1326,0.6968
2019_1266_1328,0.7058
2019_1266_1330,0.8722
2019_1266_1332,0.5599
2019_1266_1341,0.9689
2019_1266_1345,0.4072
2019_1266_1371,0.7401
2019_1266_1385,0.8000
2019_1266_1387,0.8385
2019_1266_1388,0.4006
2019_1266_1393,0.5661
2019_1266_1396,0.7809
2019_1266_1397,0.3498
2019_1266_1403,0.3501
2019_1266_1414,0.8535
2019_1266_1416,0.5651
2019_1266_1429,0.4525
2019_1266_1433,0.4852
2019_1266_1436,0.7611
2019_1266_1437,0.5603
2019_1266_1438,0.1668
2019_1266_1439,0.3668
2019_1266_1449,0.6449
2019_1266_1458,0.4565
2019_1266_1459,0.5312
2019_1266_1463,0.7988
2019_1268_1276,0.2439
2019_1268_1277,0.1873
2019_1268_1278,0.7465
2019_1268_1279,0.6777
2019_1268_1280,0.3925
2019_1268_1285,0.8099
2019_1268_1293,0.6300
2019_1268_1295,0.9165
2019_1268_1297,0.8290
2019_1268_1300,0.9784
2019_1268_1305,0.3686
2019_1268_1308,0.6548
2019_1268_1314,0.1010
2019_1268_1318,0.7114
2019_1268_1326,0.6491
2019_1268_1328,0.6588
2019_1268_1330,0.8460
2019_1268_1332,0.5059
2019_1268_1341,0.9617
2019_1268_1345,0.3560
2019_1268_1371,0.6962
2019_1268_1385,0.7630
2019_1268_1387,0.8069
2019_1268_1388,0.3498
2019_1268_1393,0.5121
2019_1268_1396,0.7415
2019_1268_1397,0.3021
2019_1268_1403,0.3024
2019_1268_1414,0.8242
2019_1268_1416,0.5111
2019_1268_1429,0.3994
2019_1268_1433,0.4313
2019_1268_1436,0.7194
2019_1268_1437,0.5063
2019_1268_1438,0.1387
2019_1268_1439,0.3179
2019_1268_1449,0.5938
2019_1268_1458,0.4033
2019_1268_1459,0.4769
2019_1268_1463,0.7616
2019_1276_1277,0.4092
2019_1276_1278,0.8985
2019_1276_1279,0.8634
2019_1276_1280,0.6601
2019_1276_1285,0.9276
2019_1276_1293,0.8366
2019_1276_1295,0.9706
2019_1276_1297,0.9358
2019_1276_1300,0.9927
2019_1276_1305,0.6370
2019_1276_1308,0.8508
2019_1276_1314,0.2525
2019_1276_1318,0.8811
2019_1276_1326,0.8476
2019_1276_1328,0.8530
2019_1276_1330,0.9429
2019_1276_1332,0.7548
2019_1276_1341,0.9869
2019_1276_1345,0.6243
2019_1276_1371,0.8733
2019_1276_1385,0.9063
2019_1276_1387,0.9262
2019_1276_1388,0.6179
2019_1276_1393,0.7594
2019_1276_1396,0.8961
2019_1276_1397,0.5655
2019_1276_1403,0.5658
2019_1276_1414,0.9338
2019_1276_1416,0.7586
2019_1276_1429,0.6666
2019_1276_1433,0.6951
2019_1276_1436,0.8851
2019_1276_1437,0.7550
2019_1276_1438,0.3262
2019_1276_1439,0.5835
2019_1276_1449,0.8146
2019_1276_1458,0.6701
2019_1276_1459,0.7327
2019_1276_1463,0.9057
2019_1277_1278,0.9260
2019_1277_1279,0.8993
2019_1277_1280,0.7330
2019_1277_1285,0.9477
2019_1277_1293,0.8786
2019_1277_1295,0.9790
2019_1277_1297,0.9537
2019_1277_1300,0.9948
2019_1277_1305,0.7127
2019_1277_1308,0.8896
2019_1277_1314,0.3231
2019_1277_1318,0.9128
2019_1277_1326,0.8871
2019_1277_1328,0.8914
2019_1277_1330,0.9589
2019_1277_1332,0.8131
2019_1277_1341,0.9907
2019_1277_1345,0.7014
2019_1277_1371,0.9069
2019_1277_1385,0.9319
2019_1277_1387,0.9467
2019_1277_1388,0.6956
2019_1277_1393,0.8169
2019_1277_1396,0.9242
2019_1277_1397,0.6478
2019_1277_1403,0.6481
2019_1277_1414,0.9522
2019_1277_1416,0.8163
2019_1277_1429,0.7386
2019_1277_1433,0.7632
2019_1277_1436,0.9159
2019_1277_1437,0.8133
2019_1277_1438,0.4063
2019_1277_1439,0.6645
2019_1277_1449,0.8613
2019_1277_1458,0.7417
2019_1277_1459,0.7948
2019_1277_1463,0.9314
2019_1278_1279,0.4110
2019_1278_1280,0.1765
2019_1278_1285,0.5858
2019_1278_1293,0.3611
2019_1278_1295,0.7846
2019_1278_1297,0.6166
2019_1278_1300,0.9375
2019_1278_1305,0.1623
2019_1278_1308,0.3863
2019_1278_1314,0.0359
2019_1278_1318,0.4499
2019_1278_1326,0.3804
2019_1278_1328,0.3906
2019_1278_1330,0.6457
2019_1278_1332,0.2536
2019_1278_1341,0.8928
2019_1278_1345,0.1550
2019_1278_1371,0.4320
2019_1278_1385,0.5165
2019_1278_1387,0.5810
2019_1278_1388,0.1515
2019_1278_1393,0.2584
2019_1278_1396,0.4877
2019_1278_1397,0.1256
2019_1278_1403,0.1258
2019_1278_1414,0.6088
2019_1278_1416,0.2576
2019_1278_1429,0.1808
2019_1278_1433,0.2011
2019_1278_1436,0.4597
2019_1278_1437,0.2539
2019_1278_1438,0.0507
2019_1278_1439,0.1340
2019_1278_1449,0.3266
2019_1278_1458,0.1832
2019_1278_1459,0.2323
2019_1278_1463,0.5146
2019_1279_1280,0.2311
2019_1279_1285,0.6647
2019_1279_1293,0.4420
2019_1279_1295,0.8363
2019_1279_1297,0.6928
2019_1279_1300,0.9546
2019_1279_1305,0.2136
2019_1279_1308,0.4688
2019_1279_1314,0.0497
2019_1279_1318,0.5341
2019_1279_1326,0.4625
2019_1279_1328,0.4732
2019_1279_1330,0.7187
2019_1279_1332,0.3227
2019_1279_1341,0.9211
2019_1279_1345,0.2046
2019_1279_1371,0.5160
2019_1279_1385,0.5996
2019_1279_1387,0.6603
2019_1279_1388,0.2002
2019_1279_1393,0.3281
2019_1279_1396,0.5716
2019_1279_1397,0.1676
2019_1279_1403,0.1678
2019_1279_1414,0.6857
2019_1279_1416,0.3272
2019_1279_1429,0.2363
2019_1279_1433,0.2608
2019_1279_1436,0.5439
2019_1279_1437,0.3230
2019_1279_1438,0.0697
2019_1279_1439,0.1782
2019_1279_1449,0.4048
2019_1279_1458,0.2392
2019_1279_1459,0.2978
2019_1279_1463,0.5978
2019_1280_1285,0.8660
2019_1280_1293,0.7208
2019_1280_1295,0.9433
2019_1280_1297,0.8802
2019_1280_1300,0.9856
2019_1280_1305,0.4695
2019_1280_1308,0.7420
2019_1280_1314,0.1455
2019_1280_1318,0.7889
2019_1280_1326,0.7371
2019_1280_1328,0.7454
2019_1280_1330,0.8928
2019_1280_1332,0.6082
2019_1280_1341,0.9744
2019_1280_1345,0.4560
2019_1280_1371,0.7765
2019_1280_1385,0.8299
2019_1280_1387,0.8636
2019_1280_1388,0.4492
2019_1280_1393,0.6141
2019_1280_1396,0.8130
2019_1280_1397,0.3962
2019_1280_1403,0.3966
2019_1280_1414,0.8767
2019_1280_1416,0.6132
2019_1280_1429,0.5021
2019_1280_1433,0.5348
2019_1280_1436,0.7954
2019_1280_1437,0.6085
2019_1280_1438,0.1962
2019_1280_1439,0.4140
2019_1280_1449,0.6891
2019_1280_1458,0.5061
2019_1280_1459,0.5802
2019_1280_1463,0.8289
2019_1285_1293,0.2805
2019_1285_1295,0.7153
2019_1285_1297,0.5259
2019_1285_1300,0.9119
2019_1285_1305,0.1179
2019_1285_1308,0.3027
2019_1285_1314,0.0251
2019_1285_1318,0.3606
2019_1285_1326,0.2975
2019_1285_1328,0.3065
2019_1285_1330,0.5570
2019_1285_1332,0.1899
2019_1285_1341,0.8518
2019_1285_1345,0.1123
2019_1285_1371,0.3441
2019_1285_1385,0.4242
2019_1285_1387,0.4888
2019_1285_1388,0.1096
2019_1285_1393,0.1937
2019_1285_1396,0.3964
2019_1285_1397,0.0902
2019_1285_1403,0.0903
2019_1285_1414,0.5177
2019_1285_1416,0.1931
2019_1285_1429,0.1321
2019_1285_1433,0.1479
2019_1285_1436,0.3698
2019_1285_1437,0.1901
2019_1285_1438,0.0356
2019_1285_1439,0.0964
2019_1285_1449,0.2507
2019_1285_1458,0.1340
2019_1285_1459,0.1727
2019_1285_1463,0.4224
2019_1293_1295,0.8630
2019_1293_1297,0.7355
2019_1293_1300,0.9629
2019_1293_1305,0.2509
2019_1293_1308,0.5211
2019_1293_1314,0.0606
2019_1293_1318,0.5857
2019_1293_1326,0.5149
2019_1293_1328,0.5256
2019_1293_1330,0.7591
2019_1293_1332,0.3701
2019_1293_1341,0.9351
2019_1293_1345,0.2408
2019_1293_1371,0.5680
2019_1293_1385,0.6487
2019_1293_1387,0.7056
2019_1293_1388,0.2358
2019_1293_1393,0.3759
2019_1293_1396,0.6221
2019_1293_1397,0.1990
2019_1293_1403,0.1992
2019_1293_1414,0.7290
2019_1293_1416,0.3750
2019_1293_1429,0.2762
2019_1293_1433,0.3032
2019_1293_1436,0.5953
2019_1293_1437,0.3704
2019_1293_1438,0.0846
2019_1293_1439,0.2110
2019_1293_1449,0.4561
2019_1293_1458,0.2794
2019_1293_1459,0.3435
2019_1293_1463,0.6470
2019_1295_1297,0.3012
2019_1295_1300,0.8009
2019_1295_1305,0.0494
2019_1295_1308,0.1443
2019_1295_1314,0.0099
2019_1295_1318,0.1798
2019_1295_1326,0.1413
2019_1295_1328,0.1466
2019_1295_1330,0.3281
2019_1295_1332,0.0835
2019_1295_1341,0.6906
2019_1295_1345,0.0469
2019_1295_1371,0.1693
2019_1295_1385,0.2226
2019_1295_1387,0.2709
2019_1295_1388,0.0457
2019_1295_1393,0.0854
2019_1295_1396,0.2032
2019_1295_1397,0.0371
2019_1295_1403,0.0371
2019_1295_1414,0.2943
2019_1295_1416,0.0851
2019_1295_1429,0.0558
2019_1295_1433,0.0632
2019_1295_1436,0.1857
2019_1295_1437,0.0836
2019_1295_1438,0.0141
2019_1295_1439,0.0398
2019_1295_1449,0.1150
2019_1295_1458,0.0567
2019_1295_1459,0.0750
2019_1295_1463,0.2212
2019_1297_1300,0.9012
2019_1297_1305,0.1053
2019_1297_1308,0.2767
2019_1297_1314,0.0222
2019_1297_1318,0.3320
2019_1297_1326,0.2717
2019_1297_1328,0.2803
2019_1297_1330,0.5255
2019_1297_1332,0.1711
2019_1297_1341,0.8350
2019_1297_1345,0.1003
2019_1297_1371,0.3161
2019_1297_1385,0.3936
2019_1297_1387,0.4572
2019_1297_1388,0.0979
2019_1297_1393,0.1747
2019_1297_1396,0.3665
2019_1297_1397,0.0803
2019_1297_1403,0.0804
2019_1297_1414,0.4860
2019_1297_1416,0.1741
2019_1297_1429,0.1183
2019_1297_1433,0.1326
2019_1297_1436,0.3408
2019_1297_1437,0.1713
2019_1297_1438,0.0315
2019_1297_1439,0.0859
2019_1297_1449,0.2276
2019_1297_1458,0.1199
2019_1297_1459,0.1553
2019_1297_1463,0.3918
2019_1300_1305,0.0124
2019_1300_1308,0.0392
2019_1300_1314,0.0024
2019_1300_1318,0.0504
2019_1300_1326,0.0383
2019_1300_1328,0.0399
2019_1300_1330,0.1057
2019_1300_1332,0.0216
2019_1300_1341,0.3507
2019_1300_1345,0.0118
2019_1300_1371,0.0470
2019_1300_1385,0.0648
2019_1300_1387,0.0825
2019_1300_1388,0.0114
2019_1300_1393,0.0221
2019_1300_1396,0.0581
2019_1300_1397,0.0092
2019_1300_1403,0.0092
2019_1300_1414,0.0916
2019_1300_1416,0.0220
2019_1300_1429,0.0141
2019_1300_1433,0.0161
2019_1300_1436,0.0523
2019_1300_1437,0.0216
2019_1300_1438,0.0035
2019_1300_1439,0.0099
2019_1300_1449,0.0305
2019_1300_1458,0.0143
2019_1300_1459,0.0192
2019_1300_1463,0.0643
2019_1305_1308,0.7606
2019_1305_1314,0.1584
2019_1305_1318,0.8050
2019_1305_1326,0.7560
2019_1305_1328,0.7639
2019_1305_1330,0.9020
2019_1305_1332,0.6317
2019_1305_1341,0.9768
2019_1305_1345,0.4808
2019_1305_1371,0.7934
2019_1305_1385,0.8436
2019_1305_1387,0.8750
2019_1305_1388,0.4740
2019_1305_1393,0.6375
2019_1305_1396,0.8278
2019_1305_1397,0.4204
2019_1305_1403,0.4207
2019_1305_1414,0.8871
2019_1305_1416,0.6366
2019_1305_1429,0.5270
2019_1305_1433,0.5596
2019_1305_1436,0.8111
2019_1305_1437,0.6321
2019_1305_1438,0.2125
2019_1305_1439,0.4385
2019_1305_1449,0.7100
2019_1305_1458,0.5310
2019_1305_1459,0.6043
2019_1305_1463,0.8426
2019_1308_1314,0.0547
2019_1308_1318,0.5591
2019_1308_1326,0.4877
2019_1308_1328,0.4985
2019_1308_1330,0.7387
2019_1308_1332,0.3451
2019_1308_1341,0.9282
2019_1308_1345,0.2215
2019_1308_1371,0.5412
2019_1308_1385,0.6236
2019_1308_1387,0.6826
2019_1308_1388,0.2168
2019_1308_1393,0.3508
2019_1308_1396,0.5962
2019_1308_1397,0.1822
2019_1308_1403,0.1824
2019_1308_1414,0.7070
2019_1308_1416,0.3499
2019_1308_1429,0.2550
2019_1308_1433,0.2807
2019_1308_1436,0.5689
2019_1308_1437,0.3454
2019_1308_1438,0.0765
2019_1308_1439,0.1935
2019_1308_1449,0.4293
2019_1308_1458,0.2581
2019_1308_1459,0.3194
2019_1308_1463,0.6218
2019_1314_1318,0.9558
2019_1314_1326,0.9420
2019_1314_1328,0.9443
2019_1314_1330,0.9797
2019_1314_1332,0.8999
2019_1314_1341,0.9955
2019_1314_1345,0.8291
2019_1314_1371,0.9526
2019_1314_1385,0.9658
2019_1314_1387,0.9735
2019_1314_1388,0.8252
2019_1314_1393,0.9021
2019_1314_1396,0.9618
2019_1314_1397,0.7916
2019_1314_1403,0.7919
2019_1314_1414,0.9763
2019_1314_1416,0.9017
2019_1314_1429,0.8537
2019_1314_1433,0.8694
2019_1314_1436,0.9574
2019_1314_1437,0.9000
2019_1314_1438,0.5857
2019_1314_1439,0.8036
2019_1314_1449,0.9277
2019_1314_1458,0.8557
2019_1314_1459,0.8889
2019_1314_1463,0.9656
2019_1318_1326,0.4232
2019_1318_1328,0.4337
2019_1318_1330,0.6854
2019_1318_1332,0.2888
2019_1318_1341,0.9087
2019_1318_1345,0.1798
2019_1318_1371,0.4762
2019_1318_1385,0.5608
2019_1318_1387,0.6237
2019_1318_1388,0.1758
2019_1318_1393,0.2940
2019_1318_1396,0.5322
2019_1318_1397,0.1466
2019_1318_1403,0.1467
2019_1318_1414,0.6503
2019_1318_1416,0.2931
2019_1318_1429,0.2087
2019_1318_1433,0.2313
2019_1318_1436,0.5042
2019_1318_1437,0.2891
2019_1318_1438,0.0600
2019_1318_1439,0.1560
2019_1318_1449,0.3670
2019_1318_1458,0.2114
2019_1318_1459,0.2656
2019_1318_1463,0.5589
2019_1326_1328,0.5040
2019_1326_1330,0.7429
2019_1326_1332,0.3502
2019_1326_1341,0.9296
2019_1326_1345,0.2254
2019_1326_1371,0.5467
2019_1326_1385,0.6288
2019_1326_1387,0.6874
2019_1326_1388,0.2206
2019_1326_1393,0.3559
2019_1326_1396,0.6015
2019_1326_1397,0.1855
2019_1326_1403,0.1858
2019_1326_1414,0.7116
2019_1326_1416,0.3549
2019_1326_1429,0.2593
2019_1326_1433,0.2853
2019_1326_1436,0.5743
2019_1326_1437,0.3505
2019_1326_1438,0.0781
2019_1326_1439,0.1970
2019_1326_1449,0.4348
2019_1326_1458,0.2623
2019_1326_1459,0.3243
2019_1326_1463,0.6270
2019_1328_1330,0.7352
2019_1328_1332,0.3411
2019_1328_1341,0.9269
2019_1328_1345,0.2184
2019_1328_1371,0.5368
2019_1328_1385,0.6194
2019_1328_1387,0.6787
2019_1328_1388,0.2138
2019_1328_1393,0.3467
2019_1328_1396,0.5919
2019_1328_1397,0.1796
2019_1328_1403,0.1798
2019_1328_1414,0.7033
2019_1328_1416,0.3458
2019_1328_1429,0.2516
2019_1328_1433,0.2771
2019_1328_1436,0.5645
2019_1328_1437,0.3414
2019_1328_1438,0.0753
2019_1328_1439,0.1907
2019_1328_1449,0.4249
2019_1328_1458,0.2546
2019_1328_1459,0.3155
2019_1328_1463,0.6176
2019_1330_1332,0.1531
2019_1330_1341,0.8159
2019_1330_1345,0.0889
2019_1330_1371,0.2881
2019_1330_1385,0.3624
2019_1330_1387,0.4245
2019_1330_1388,0.0867
2019_1330_1393,0.1564
2019_1330_1396,0.3362
2019_1330_1397,0.0710
2019_1330_1403,0.0711
2019_1330_1414,0.4529
2019_1330_1416,0.1558
2019_1330_1429,0.1051
2019_1330_1433,0.1181
2019_1330_1436,0.3116
2019_1330_1437,0.1533
2019_1330_1438,0.0276
2019_1330_1439,0.0760
2019_1330_1449,0.2051
2019_1330_1458,0.1066
2019_1330_1459,0.1387
2019_1330_1463,0.3606
2019_1332_1341,0.9596
2019_1332_1345,0.3437
2019_1332_1371,0.6847
2019_1332_1385,0.7530
2019_1332_1387,0.7983
2019_1332_1388,0.3375
2019_1332_1393,0.4986
2019_1332_1396,0.7310
2019_1332_1397,0.2908
2019_1332_1403,0.2911
2019_1332_1414,0.8162
2019_1332_1416,0.4976
2019_1332_1429,0.3865
2019_1332_1433,0.4181
2019_1332_1436,0.7083
2019_1332_1437,0.4927
2019_1332_1438,0.1324
2019_1332_1439,0.3063
2019_1332_1449,0.5806
2019_1332_1458,0.3903
2019_1332_1459,0.4634
2019_1332_1463,0.7516
2019_1341_1345,0.0211
2019_1341_1371,0.0821
2019_1341_1385,0.1116
2019_1341_1387,0.1402
2019_1341_1388,0.0206
2019_1341_1393,0.0394
2019_1341_1396,0.1007
2019_1341_1397,0.0166
2019_1341_1403,0.0166
2019_1341_1414,0.1547
2019_1341_1416,0.0392
2019_1341_1429,0.0253
2019_1341_1433,0.0288
2019_1341_1436,0.0910
2019_1341_1437,0.0385
2019_1341_1438,0.0062
2019_1341_1439,0.0179
2019_1341_1449,0.0540
2019_1341_1458,0.0257
2019_1341_1459,0.0344
2019_1341_1463,0.1109
2019_1345_1371,0.8022
2019_1345_1385,0.8507
2019_1345_1387,0.8809
2019_1345_1388,0.4877
2019_1345_1393,0.6501
2019_1345_1396,0.8354
2019_1345_1397,0.4338
2019_1345_1403,0.4341
2019_1345_1414,0.8924
2019_1345_1416,0.6491
2019_1345_1429,0.5406
2019_1345_1433,0.5730
2019_1345_1436,0.8194
2019_1345_1437,0.6447
2019_1345_1438,0.2218
2019_1345_1439,0.4520
2019_1345_1449,0.7212
2019_1345_1458,0.5446
2019_1345_1459,0.6174
2019_1345_1463,0.8497
2019_1371_1385,0.5786
2019_1371_1387,0.6405
2019_1371_1388,0.1866
2019_1371_1393,0.3093
2019_1371_1396,0.5503
2019_1371_1397,0.1559
2019_1371_1403,0.1561
2019_1371_1414,0.6667
2019_1371_1416,0.3084
2019_1371_1429,0.2210
2019_1371_1433,0.2444
2019_1371_1436,0.5223
2019_1371_1437,0.3043
2019_1371_1438,0.0643
2019_1371_1439,0.1658
2019_1371_1449,0.3840
2019_1371_1458,0.2237
2019_1371_1459,0.2800
2019_1371_1463,0.5767
2019_1385_1387,0.5601
2019_1385_1388,0.1409
2019_1385_1393,0.2424
2019_1385_1396,0.4665
2019_1385_1397,0.1166
2019_1385_1403,0.1167
2019_1385_1414,0.5883
2019_1385_1416,0.2417
2019_1385_1429,0.1685
2019_1385_1433,0.1877
2019_1385_1436,0.4386
2019_1385_1437,0.2381
2019_1385_1438,0.0468
2019_1385_1439,0.1244
2019_1385_1449,0.3082
2019_1385_1458,0.1708
2019_1385_1459,0.2175
2019_1385_1463,0.4933
2019_1387_1388,0.1112
2019_1387_1393,0.1962
2019_1387_1396,0.4002
2019_1387_1397,0.0915
2019_1387_1403,0.0916
2019_1387_1414,0.5217
2019_1387_1416,0.1956
2019_1387_1429,0.1340
2019_1387_1433,0.1500
2019_1387_1436,0.3735
2019_1387_1437,0.1926
2019_1387_1438,0.0361
2019_1387_1439,0.0978
2019_1387_1449,0.2537
2019_1387_1458,0.1358
2019_1387_1459,0.1750
2019_1387_1463,0.4263
2019_1388_1393,0.6549
2019_1388_1396,0.8384
2019_1388_1397,0.4391
2019_1388_1403,0.4394
2019_1388_1414,0.8945
2019_1388_1416,0.6540
2019_1388_1429,0.5460
2019_1388_1433,0.5783
2019_1388_1436,0.8225
2019_1388_1437,0.6496
2019_1388_1438,0.2255
2019_1388_1439,0.4573
2019_1388_1449,0.7255
2019_1388_1458,0.5499
2019_1388_1459,0.6224
2019_1388_1463,0.8524
2019_1393_1396,0.7268
2019_1393_1397,0.2864
2019_1393_1403,0.2867
2019_1393_1414,0.8130
2019_1393_1416,0.4922
2019_1393_1429,0.3814
2019_1393_1433,0.4129
2019_1393_1436,0.7039
2019_1393_1437,0.4874
2019_1393_1438,0.1299
2019_1393_1439,0.3018
2019_1393_1449,0.5754
2019_1393_1458,0.3852
2019_1393_1459,0.4581
2019_1393_1463,0.7476
2019_1396_1397,0.1287
2019_1396_1403,0.1289
2019_1396_1414,0.6154
2019_1396_1416,0.2630
2019_1396_1429,0.1850
2019_1396_1433,0.2056
2019_1396_1436,0.4667
2019_1396_1437,0.2593
2019_1396_1438,0.0521
2019_1396_1439,0.1372
2019_1396_1449,0.3328
2019_1396_1458,0.1874
2019_1396_1459,0.2373
2019_1396_1463,0.5216
2019_1397_1403,0.4954
2019_1397_1414,0.9139
2019_1397_1416,0.7031
2019_1397_1429,0.6010
2019_1397_1433,0.6320
2019_1397_1436,0.8531
2019_1397_1437,0.6990
2019_1397_1438,0.2673
2019_1397_1439,0.5135
2019_1397_1449,0.7680
2019_1397_1458,0.6048
2019_1397_1459,0.6737
2019_1397_1463,0.8786
2019_1403_1414,0.9132
2019_1403_1416,0.7011
2019_1403_1429,0.5987
2019_1403_1433,0.6298
2019_1403_1436,0.8519
2019_1403_1437,0.6970
2019_1403_1438,0.2654
2019_1403_1439,0.5111
2019_1403_1449,0.7663
2019_1403_1458,0.6026
2019_1403_1459,0.6716
2019_1403_1463,0.8776
2019_1414_1416,0.1784
2019_1414_1429,0.1213
2019_1414_1433,0.1360
2019_1414_1436,0.3474
2019_1414_1437,0.1755
2019_1414_1438,0.0324
2019_1414_1439,0.0882
2019_1414_1449,0.2328
2019_1414_1458,0.1230
2019_1414_1459,0.1592
2019_1414_1463,0.3988
2019_1416_1429,0.3824
2019_1416_1433,0.4139
2019_1416_1436,0.7048
2019_1416_1437,0.4884
2019_1416_1438,0.1304
2019_1416_1439,0.3026
2019_1416_1449,0.5765
2019_1416_1458,0.3862
2019_1416_1459,0.4592
2019_1416_1463,0.7484
2019_1429_1433,0.5272
2019_1429_1436,0.7903
2019_1429_1437,0.6012
2019_1429_1438,0.1914
2019_1429_1439,0.4066
2019_1429_1449,0.6824
2019_1429_1458,0.4984
2019_1429_1459,0.5727
2019_1429_1463,0.8245
2019_1433_1436,0.7668
2019_1433_1437,0.5680
2019_1433_1438,0.1712
2019_1433_1439,0.3741
2019_1433_1449,0.6521
2019_1433_1458,0.4643
2019_1433_1459,0.5390
2019_1433_1463,0.8038
2019_1436_1437,0.2806
2019_1436_1438,0.0577
2019_1436_1439,0.1506
2019_1436_1449,0.3573
2019_1436_1458,0.2045
2019_1436_1459,0.2575
2019_1436_1463,0.5485
2019_1437_1438,0.1327
2019_1437_1439,0.3070
2019_1437_1449,0.5814
2019_1437_1458,0.3911
2019_1437_1459,0.4642
2019_1437_1463,0.7522
2019_1438_1439,0.7371
2019_1438_1449,0.8979
2019_1438_1458,0.8026
2019_1438_1459,0.8458
2019_1438_1463,0.9505
2019_1439_1449,0.7534
2019_1439_1458,0.5855
2019_1439_1459,0.6558
2019_1439_1463,0.8697
2019_1449_1458,0.3100
2019_1449_1459,0.3774
2019_1449_1463,0.6799
2019_1458_1459,0.5671
2019_1458_1463,0.8211
2019_1459_1463,0.7738
